filename,label
n01524359.jpg,n01530575
n01524359.jpg,n01531178
n01524359.jpg,n01532829
n01524359.jpg,n01534433
n01524359.jpg,n01537544
n01524359.jpg,n01558993
n01524359.jpg,n01560419
n01524359.jpg,n01580077
n01524359.jpg,n01582220
n01524359.jpg,n01592084
n01524359.jpg,n01601694
n01674216.jpg,n01675722
n01674216.jpg,n01677366
n01674216.jpg,n01682714
n01674216.jpg,n01685808
n01674216.jpg,n01687978
n01674216.jpg,n01688243
n01674216.jpg,n01689811
n01674216.jpg,n01692333
n01674216.jpg,n01693334
n01674216.jpg,n01694178
n01674216.jpg,n01695060
n01726692.jpg,n01728572
n01726692.jpg,n01728920
n01726692.jpg,n01729322
n01726692.jpg,n01729977
n01726692.jpg,n01734418
n01726692.jpg,n01735189
n01726692.jpg,n01737021
n01726692.jpg,n01739381
n01726692.jpg,n01740131
n01726692.jpg,n01742172
n01726692.jpg,n01744401
n01726692.jpg,n01748264
n01726692.jpg,n01749939
n01726692.jpg,n01751748
n01726692.jpg,n01753488
n01726692.jpg,n01755581
n01726692.jpg,n01756291
n01844917.jpg,n01847000
n01844917.jpg,n01855032
n01844917.jpg,n01855672
n01844917.jpg,n01860187
n01844917.jpg,n02002556
n01844917.jpg,n02002724
n01844917.jpg,n02006656
n01844917.jpg,n02007558
n01844917.jpg,n02009229
n01844917.jpg,n02009912
n01844917.jpg,n02011460
n01844917.jpg,n02012849
n01844917.jpg,n02013706
n01844917.jpg,n02017213
n01844917.jpg,n02018207
n01844917.jpg,n02018795
n01844917.jpg,n02025239
n01844917.jpg,n02027492
n01844917.jpg,n02028035
n01844917.jpg,n02033041
n01844917.jpg,n02037110
n01844917.jpg,n02051845
n01844917.jpg,n02056570
n01844917.jpg,n02058221
n02087551.jpg,n02088094
n02087551.jpg,n02088238
n02087551.jpg,n02088364
n02087551.jpg,n02088466
n02087551.jpg,n02088632
n02087551.jpg,n02089078
n02087551.jpg,n02089867
n02087551.jpg,n02089973
n02087551.jpg,n02090379
n02087551.jpg,n02090622
n02087551.jpg,n02090721
n02087551.jpg,n02091032
n02087551.jpg,n02091134
n02087551.jpg,n02091244
n02087551.jpg,n02091467
n02087551.jpg,n02091635
n02087551.jpg,n02091831
n02087551.jpg,n02092002
n02087551.jpg,n02092339
n02092468.jpg,n02093256
n02092468.jpg,n02093428
n02092468.jpg,n02093647
n02092468.jpg,n02093754
n02092468.jpg,n02093859
n02092468.jpg,n02093991
n02092468.jpg,n02094114
n02092468.jpg,n02094258
n02092468.jpg,n02094433
n02092468.jpg,n02095314
n02092468.jpg,n02095570
n02092468.jpg,n02095889
n02092468.jpg,n02096051
n02092468.jpg,n02096177
n02092468.jpg,n02096294
n02092468.jpg,n02096437
n02092468.jpg,n02096585
n02092468.jpg,n02097047
n02092468.jpg,n02097130
n02092468.jpg,n02097209
n02092468.jpg,n02097298
n02092468.jpg,n02097474
n02092468.jpg,n02097658
n02092468.jpg,n02098105
n02092468.jpg,n02098286
n02092468.jpg,n02098413
n02120997.jpg,n02123045
n02120997.jpg,n02123159
n02120997.jpg,n02123394
n02120997.jpg,n02123597
n02120997.jpg,n02124075
n02120997.jpg,n02125311
n02120997.jpg,n02127052
n02120997.jpg,n02128385
n02120997.jpg,n02128757
n02120997.jpg,n02128925
n02120997.jpg,n02129165
n02120997.jpg,n02129604
n02120997.jpg,n02130308
n02370806.jpg,n02389026
n02370806.jpg,n02391049
n02370806.jpg,n02395406
n02370806.jpg,n02396427
n02370806.jpg,n02397096
n02370806.jpg,n02398521
n02370806.jpg,n02403003
n02370806.jpg,n02408429
n02370806.jpg,n02410509
n02370806.jpg,n02412080
n02370806.jpg,n02415577
n02370806.jpg,n02417914
n02370806.jpg,n02422106
n02370806.jpg,n02422699
n02370806.jpg,n02423022
n02370806.jpg,n02437312
n02370806.jpg,n02437616
n02469914.jpg,n02480495
n02469914.jpg,n02480855
n02469914.jpg,n02481823
n02469914.jpg,n02483362
n02469914.jpg,n02483708
n02469914.jpg,n02484975
n02469914.jpg,n02486261
n02469914.jpg,n02486410
n02469914.jpg,n02487347
n02469914.jpg,n02488291
n02469914.jpg,n02488702
n02469914.jpg,n02489166
n02469914.jpg,n02490219
n02469914.jpg,n02492035
n02469914.jpg,n02492660
n02469914.jpg,n02493509
n02469914.jpg,n02493793
n02469914.jpg,n02494079
n02469914.jpg,n02497673
n02469914.jpg,n02500267
n02913152.jpg,n02727426
n02913152.jpg,n02793495
n02913152.jpg,n02859443
n02913152.jpg,n03028079
n02913152.jpg,n03032252
n02913152.jpg,n03457902
n02913152.jpg,n03529860
n02913152.jpg,n03661043
n02913152.jpg,n03781244
n02913152.jpg,n03788195
n02913152.jpg,n03877845
n02913152.jpg,n03956157
n02913152.jpg,n04081281
n02913152.jpg,n04346328
n03125870.jpg,n02687172
n03125870.jpg,n02690373
n03125870.jpg,n02692877
n03125870.jpg,n02782093
n03125870.jpg,n02951358
n03125870.jpg,n02981792
n03125870.jpg,n03095699
n03125870.jpg,n03344393
n03125870.jpg,n03447447
n03125870.jpg,n03662601
n03125870.jpg,n03673027
n03125870.jpg,n03947888
n03125870.jpg,n04147183
n03125870.jpg,n04266014
n03125870.jpg,n04273569
n03125870.jpg,n04347754
n03125870.jpg,n04483307
n03125870.jpg,n04552348
n03125870.jpg,n04606251
n03125870.jpg,n04612504
n03278248.jpg,n02979186
n03278248.jpg,n02988304
n03278248.jpg,n02992529
n03278248.jpg,n03085013
n03278248.jpg,n03187595
n03278248.jpg,n03584254
n03278248.jpg,n03777754
n03278248.jpg,n03782006
n03278248.jpg,n03857828
n03278248.jpg,n03902125
n03278248.jpg,n04392985
n03297735.jpg,n02776631
n03297735.jpg,n02791270
n03297735.jpg,n02871525
n03297735.jpg,n02927161
n03297735.jpg,n03089624
n03297735.jpg,n03461385
n03297735.jpg,n04005630
n03297735.jpg,n04200800
n03297735.jpg,n04443257
n03297735.jpg,n04462240
n03414162.jpg,n02799071
n03414162.jpg,n02802426
n03414162.jpg,n03134739
n03414162.jpg,n03445777
n03414162.jpg,n03598930
n03414162.jpg,n03942813
n03414162.jpg,n04023962
n03414162.jpg,n04118538
n03414162.jpg,n04254680
n03414162.jpg,n04409515
n03414162.jpg,n04540053
n03414162.jpg,n06785654
n03419014.jpg,n02667093
n03419014.jpg,n02837789
n03419014.jpg,n02865351
n03419014.jpg,n02883205
n03419014.jpg,n02892767
n03419014.jpg,n02963159
n03419014.jpg,n03188531
n03419014.jpg,n03325584
n03419014.jpg,n03404251
n03419014.jpg,n03534580
n03419014.jpg,n03594734
n03419014.jpg,n03595614
n03419014.jpg,n03617480
n03419014.jpg,n03630383
n03419014.jpg,n03710721
n03419014.jpg,n03770439
n03419014.jpg,n03866082
n03419014.jpg,n03980874
n03419014.jpg,n04136333
n03419014.jpg,n04325704
n03419014.jpg,n04350905
n03419014.jpg,n04370456
n03419014.jpg,n04371430
n03419014.jpg,n04479046
n03419014.jpg,n04591157
n03574816.jpg,n02708093
n03574816.jpg,n02749479
n03574816.jpg,n02794156
n03574816.jpg,n02841315
n03574816.jpg,n02879718
n03574816.jpg,n02950826
n03574816.jpg,n03196217
n03574816.jpg,n03197337
n03574816.jpg,n03467068
n03574816.jpg,n03544143
n03574816.jpg,n03692522
n03574816.jpg,n03706229
n03574816.jpg,n03773504
n03574816.jpg,n03841143
n03574816.jpg,n03891332
n03574816.jpg,n04008634
n03574816.jpg,n04009552
n03574816.jpg,n04044716
n03574816.jpg,n04086273
n03574816.jpg,n04090263
n03574816.jpg,n04118776
n03574816.jpg,n04141975
n03574816.jpg,n04317175
n03574816.jpg,n04328186
n03574816.jpg,n04355338
n03574816.jpg,n04356056
n03574816.jpg,n04376876
n03574816.jpg,n04548280
n03800933.jpg,n02672831
n03800933.jpg,n02676566
n03800933.jpg,n02787622
n03800933.jpg,n02804610
n03800933.jpg,n02992211
n03800933.jpg,n03017168
n03800933.jpg,n03110669
n03800933.jpg,n03249569
n03800933.jpg,n03272010
n03800933.jpg,n03372029
n03800933.jpg,n03394916
n03800933.jpg,n03447721
n03800933.jpg,n03452741
n03800933.jpg,n03494278
n03800933.jpg,n03495258
n03800933.jpg,n03720891
n03800933.jpg,n03721384
n03800933.jpg,n03838899
n03800933.jpg,n03840681
n03800933.jpg,n03854065
n03800933.jpg,n03884397
n03800933.jpg,n04141076
n03800933.jpg,n04311174
n03800933.jpg,n04487394
n03800933.jpg,n04515003
n03800933.jpg,n04536866
n04014297.jpg,n02825657
n04014297.jpg,n02840245
n04014297.jpg,n02843684
n04014297.jpg,n02895154
n04014297.jpg,n03000247
n04014297.jpg,n03146219
n04014297.jpg,n03220513
n04014297.jpg,n03347037
n04014297.jpg,n03424325
n04014297.jpg,n03527444
n04014297.jpg,n03637318
n04014297.jpg,n03657121
n04014297.jpg,n03788365
n04014297.jpg,n03929855
n04014297.jpg,n04141327
n04014297.jpg,n04192698
n04014297.jpg,n04229816
n04014297.jpg,n04417672
n04014297.jpg,n04423845
n04014297.jpg,n04435653
n04014297.jpg,n04507155
n04014297.jpg,n04523525
n04014297.jpg,n04589890
n04014297.jpg,n04590129
n04081844.jpg,n02910353
n04081844.jpg,n03075370
n04081844.jpg,n03208938
n04081844.jpg,n03476684
n04081844.jpg,n03627232
n04081844.jpg,n03803284
n04081844.jpg,n03804744
n04081844.jpg,n03874599
n04081844.jpg,n04127249
n04081844.jpg,n04153751
n04081844.jpg,n04162706
n04451818.jpg,n02951585
n04451818.jpg,n03041632
n04451818.jpg,n03109150
n04451818.jpg,n03481172
n04451818.jpg,n03498962
n04451818.jpg,n03649909
n04451818.jpg,n03658185
n04451818.jpg,n03954731
n04451818.jpg,n03967562
n04451818.jpg,n03970156
n04451818.jpg,n04154565
n04451818.jpg,n04208210
